radius_mean,texture_mean,perimeter_mean,area_mean,smoothness_mean,compactness_mean,concavity_mean,concave points_mean,symmetry_mean,fractal_dimension_mean,radius_se,texture_se,perimeter_se,area_se,smoothness_se,compactness_se,concavity_se,concave points_se,symmetry_se,fractal_dimension_se,radius_worst,texture_worst,perimeter_worst,area_worst,smoothness_worst,compactness_worst,concavity_worst,concave points_worst,symmetry_worst,fractal_dimension_worst
-0.6332916145181479,-0.686720469552458,-0.6080707573244882,-0.5957583547557839,0.3442996068694391,-0.2940834141610088,-0.12167114585878336,0.23559539052496803,0.058106841611996085,-0.26714068054850054,-0.7241300886968388,-0.009918068132815733,-0.9031198686371098,-0.6598360655737705,-0.35814841326652336,0.022517321016166162,-0.41707317073170713,-0.08002350176263233,-0.562273901808785,-0.6208540218470706,-0.7786096256684492,-0.3592493297587135,-0.731632339379035,-0.7361509073543459,-0.5454545454545459,-0.08776425368353612,-0.17730073544027047,0.02319555829734723,-0.11477907567293028,-0.6570411392405051
-0.22277847309136428,0.06162876008804136,-0.2240648608807816,-0.20694087403598962,-0.47092902958824767,-0.375557710960233,0.002768955126639034,-0.11267605633802828,0.9428303655107779,0.47028948704926354,-0.3229474641801229,-0.03471323846485554,-0.45517241379310336,-0.3101092896174862,-0.17442137914578842,0.06986143187066969,0.12926829268292678,-0.23936545240893078,0.05374677002583974,0.0909632571996028,-0.2352941176470591,0.21268990169794422,-0.3215493390716273,-0.24808978032473744,-0.3818181818181818,0.0916079436258807,0.25521765056648776,-0.04219617520049361,0.7729812087353999,0.42444620253164583
-0.16770963704630826,1.1944240645634634,-0.11276948590381426,-0.16966580976863735,-0.37326712187047395,0.6975751697381181,0.6966365339197004,0.792573623559539,0.7928772258669166,0.8278313864906031,0.3848078235160337,1.0858128503665372,0.4893267651888338,0.09426229508196723,0.5862562634216182,1.144919168591224,0.8209756097560973,0.937132784958872,0.38242894056847554,1.6631578947368422,-0.13262032085561518,1.1563896336014299,-0.022748232400861896,-0.1979465138490928,0.14545454545454456,0.9564381806534271,0.6455972967600876,0.9051202961135101,0.48654139156932547,1.31764240506329
0.3529411764705882,-0.228906823184153,0.30735212824765057,0.3849614395886887,-1.0643492654665851,-0.7569350145489819,-0.5523251079078101,-0.6619718309859158,-0.25679475164011223,-0.6003047232097497,-0.8833295428701387,-0.8322552824493312,-1.04367816091954,-0.6097449908925319,-0.7108088761632069,-0.2904157043879907,-0.40048780487804864,-0.8128084606345479,-0.996382428940568,-0.234756703078451,0.2524064171122994,-0.41644325290437934,0.11865969873962451,0.22612225405921627,-0.4060606060606059,-0.05188981422165276,-0.20512820512820532,-0.34423195558297365,0.01726764855256512,-0.010680379746835134
-0.4981226533166462,0.4049889948642698,-0.5144647134696885,-0.47429305912596403,-0.3385061038692333,-0.9288069835111544,-0.7471292450525288,-0.8700384122919338,0.8153701968134953,0.267140680548502,-0.8678644530361612,0.9305735230702887,-0.9477832512315268,-0.7864298724954464,0.08613696015270826,-0.6818706697459584,-0.7995121951219509,-0.30658049353701555,1.1906976744186046,-0.5628599801390269,-0.654545454545455,0.450402144772118,-0.670765447279435,-0.6353868194842407,-0.34545454545454524,-0.8065342729019858,-0.6603061021665675,-0.6516964836520668,1.5327577450482492,-0.5043512658227837
0.4080100125156442,0.3404255319148938,0.5004606596646388,0.4215938303341903,1.1313883716118347,1.483220174587778,1.5322094633113446,1.8399487836107558,0.3280224929709468,0.167597765363128,-0.3811689788492153,0.719275549805951,-0.4170771756978654,-0.056921675774134796,-0.2106895728942974,0.5259815242494226,1.4073170731707314,1.1110458284371327,-0.9467700258397928,0.0750744786494538,0.2823529411764706,0.5665773011617513,0.3381494005533345,0.28199617956064915,0.8969696969696974,1.0935297885970532,1.4438481415225604,1.517088217149908,-0.1350939563230065,0.07159810126582296
-0.8285356695869841,-0.2641232575201768,-0.7658006264971434,-0.7667095115681234,1.2803641630457274,0.06091173617846703,-0.27054320384396124,-0.0172855313700386,-0.016869728209934615,0.6978161503301155,-0.5349101660222879,0.8378611470461406,-0.6417077175697863,-0.5806010928961749,-0.3462180863755666,-0.6535796766743648,-0.7858536585365852,-0.3430082256169215,-0.11369509043927611,-0.13624627606752748,-0.7401069518716579,0.4307417336907955,-0.731632339379035,-0.6912607449856736,0.5393939393939389,-0.30044843049327347,-0.4412641621943949,-0.23466995681677993,0.5393600812595234,0.22587025316455756
0.3779724655819769,0.16727806309611165,0.3899023401510955,0.40231362467866333,0.8251603558866125,0.20096993210475222,0.03176154409968228,0.17477592829705488,-0.30178069353327086,-0.5820213306246813,0.3593359108483055,0.8076757222940922,0.3527093596059115,0.48315118397085616,0.00023860653781937496,-0.012124711316397334,0.01024390243902448,0.09952996474735572,0.22945736434108518,-0.438927507447865,0.41069518716577497,0.3413762287756927,0.35413464494312885,0.3975644699140394,0.3575757575757569,0.04420243433696359,-0.19161200556549407,-0.11622455274521917,-0.11071609954291547,-0.78520569620253
1.0838548185231534,-0.23184152604548772,1.0009213193292787,1.1645244215938304,-0.2474653424374101,-0.2223084384093118,-0.17281537584493864,0.23687580025608193,-0.5454545454545456,-0.5962417470797347,0.4302933818512623,-0.7117291936179385,-0.2870279146141213,0.36475409836065603,-0.06084466714387977,0.18879907621247122,-0.3907317073170731,-0.15546415981198608,-0.45891472868217037,-0.160079443892751,0.9283422459893039,-0.6237712243074178,0.6437134952351665,0.7705348615090728,-0.37575757575757557,-0.2133247918001281,-0.3196183661299942,-0.10141887723627399,-0.4215337734890809,-0.6079905063291131
-0.7834793491864827,-0.3257520176082171,-0.7989681223512066,-0.7159383033419021,-0.8872336023174021,-1.4793404461687683,-0.8168417623584983,-0.7279129321382846,-0.77788191190253,0.307770441848654,-1.0370707300432116,-0.06748598533850796,-1.133004926108374,-0.9299635701275045,-0.00023860653781896104,-1.0106235565819859,-0.8992195121951218,-0.6471210340775561,0.48785529715762277,0.005958291956305962,-1.0524064171122998,-0.6684539767649692,-1.0747002766676925,-0.9314708691499521,-1.5151515151515156,-1.4024343369634849,-0.9254621347644606,-1.0704503392967308,-0.7100050787201627,-0.40545886075949256
-1.1088861076345429,-0.807043286867205,-1.0186106504514463,-1.0212082262210793,0.49079246844609914,0.9633365664403486,0.8008795504519913,-0.185019206145967,0.7741330834114338,1.8659217877094945,0.655901751193996,0.2772746873652437,0.9635467980295565,0.07786885245901644,0.7065139584824627,2.7315242494226326,3.3185365853658535,0.8689776733254995,0.8020671834625324,1.9547169811320757,-0.859893048128342,-0.43967828418230587,-0.6406394097755927,-0.8393027698185294,0.2848484848484854,1.6393337604099931,1.047107930828861,0.2289944478716841,0.5840528186896906,1.6222310126582271
0.04255319148936123,-0.36390315480557667,0.0044223327805419,0.06426735218508997,0.5032071177322566,-0.9361784675072747,-0.07280723185927196,0.22855313700384108,-0.48172446110590433,-0.6978161503301155,-0.17011598817375478,-0.2699439413540318,-0.47224958949096857,-0.14435336976320592,0.9918873777141499,-1.085796766743649,-0.26975609756097557,-0.06592244418331406,0.9943152454780362,-0.36822244289970224,-0.29090909090909073,-0.7631814119749777,-0.3787273286197363,-0.2925023877745945,0.09696969696969637,-1.2945547725816782,-0.46352613794474273,-0.616903146206046,-0.7100050787201627,-0.9378955696202514
0.10763454317897361,-0.41085840058694134,0.08992076653768181,0.15359897172236486,-1.06103869232361,-0.8849660523763339,-0.0011401579933219418,-0.08322663252240736,0.41424554826616694,-0.6693753174200087,-0.5576529451899022,-0.19361793876670974,-0.4433497536945811,-0.37932604735883424,-0.2794082557862087,0.09872979214780578,0.44829268292682933,-0.1227967097532316,0.16537467700258437,-0.17279046673287013,-0.11122994652406407,-0.3628239499553175,-0.06271134337534646,-0.07425978987583602,-1.109090909090909,-0.26969891095451615,0.11290001987676401,-0.03627390499691547,0.5921787709497213,-0.5114715189873411
0.46307884856070025,1.61408657373441,0.43338861249308946,0.5186375321336764,0.01903579557210794,-0.3491755577109605,-0.2939978825637268,-0.04097311139564673,-0.20431115276476136,-0.3971559167089882,0.8232886058676367,0.7278999568779647,0.3093596059113297,1.0314207650273224,-0.007396802672393173,0.6899538106235567,0.15560975609756086,0.028554641598119476,0.649095607235142,0.1696127110228399,0.5176470588235289,0.90437890974084,0.3535198278512134,0.5427411652340011,-0.38787878787878804,-0.2556053811659192,-0.4555754323196186,-0.2980876002467615,-0.18384966988318963,-0.508306962025316
-0.448060075093867,-0.13793103448275834,-0.44591855537129116,-0.3894601542416453,-0.11255948686116288,-0.5489815712900099,-0.33341477318999924,-0.5563380281690145,0.48172446110590433,0.04570848146267192,0.8032749602001364,0.30530401034928834,0.5182266009852217,0.4685792349726776,-0.20066809830589358,0.5340646651270208,0.21219512195121945,-0.8330199764982377,-0.6118863049095603,0.5572989076464746,-0.29518716577540155,0.08221626452189408,-0.3584383645865363,-0.25859598853868226,-0.21818181818181853,0.012171684817424809,-0.13754720731464928,-0.7466995681677978,0.09446419502285405,0.41574367088607633
0.9186483103879843,-1.100513573000734,0.9250046065966455,0.9749357326478151,1.4624456859093729,0.6188166828322013,0.9833048293835002,2.5531370038412295,-0.25679475164011223,0.25292026409344853,0.4594041391858084,-0.5974557999137556,0.410509031198686,0.5268670309653917,0.11906466237174931,-0.2892609699769053,-0.24048780487804858,0.5681551116333725,0.8971576227390178,0.9481628599801392,0.7101604278074866,-1.2689901697944599,0.6928988625883788,0.6387297039159495,0.40606060606060507,-0.3055733504163998,-0.1979725700655934,0.5695249845774212,-0.25698324022346375,0.16969936708860806
0.5081351689612017,0.2787967718268524,0.5468951538603277,0.5044987146529563,0.5735567970204837,1.1844810863239565,0.49140809512175265,0.8169014084507045,-0.016869728209934615,1.7196546470289467,0.5785763020241073,0.5403191030616648,0.5957307060755332,0.5951730418943535,0.4082557862085424,0.8654734411085447,0.21902439024390244,1.0757931844888369,0.20051679586563345,1.0943396226415094,0.414973262032085,0.2859696157283285,0.4672609898555176,0.40950334288443097,0.8787878787878779,1.0884048686739267,0.2488570860663884,1.1000616903146203,0.23666835957338755,1.135680379746835
0.4230287859824774,-0.9889948642699933,0.45328911000552696,0.47429305912596365,0.46016966687357724,0.18700290979631387,0.9080544018242529,1.4558258642765687,0.6241799437675725,-0.4682579989842539,0.13099840800545798,-0.4523501509271236,0.29885057471264337,0.3319672131147541,1.2304939155332866,-0.047921478060046235,0.5126829268292681,0.9888366627497063,0.42790697674418643,-0.055213505461767724,0.414973262032085,-0.8525469168900806,0.48386105133722657,0.45391595033428805,0.9696969696969688,0.07238949391415779,0.6106141920095408,1.1099321406539173,0.49669883189436353,-0.26621835443037895
-0.11264080100125136,-0.12325752017608271,-0.06338676985443147,-0.07969151670951141,-0.24415476929443486,-0.006595538312318271,-0.08714064663246206,-0.0883482714468632,-0.7216494845360819,0.10055865921787738,-0.9306345235387765,-0.4687365243639497,-0.7586206896551724,-0.7290528233151184,-0.9961822953948941,-0.1506928406466513,-0.5029268292682926,-0.4339600470035256,-0.48992248062015464,-0.6581926514399207,-0.03422459893048131,0.0554066130473635,0.06086689209959918,-0.04226361031518688,-0.024242424242424936,1.0115310698270337,0.3227986483800438,0.5300431832202345,0.6145251396648049,0.05181962025316473
0.3979974968710887,1.341159207630228,0.41275105951722796,0.44023136246786626,-0.3898199875853513,0.019786614936954276,0.28487661861715113,0.5614596670934701,0.3392689784442362,-0.5657694261046197,-0.19740732317489196,0.7645536869340231,-0.12545155993431842,0.02595628415300548,-0.6816988785492726,-0.13799076212471129,0.22780487804878047,0.68096357226792,-0.2728682170542631,-0.3285004965243299,0.432085561497326,1.3923145665773013,0.4408238549031655,0.3946991404011453,-0.7151515151515154,-0.007046764894298461,0.5247465712581991,1.0951264651449726,0.2813610970035559,-0.5367879746835438
-0.3178973717146431,0.34336023477622846,-0.3427307904919847,-0.30334190231362457,-0.6927374301675981,-0.7189136760426773,-1.018161088036485,-1.0615877080665816,-0.612933458294283,0.10462163534789243,-0.11371389583807152,0.33117723156532974,-0.3566502463054187,-0.17258652094717666,0.6187067525650205,-0.4682448036951502,-1.2471219512195117,-0.8102232667450062,0.43204134366925084,0.30546176762661365,-0.213903743315508,0.5415549597855225,-0.3252382416231175,-0.2557306590257882,0.054545454545453585,-0.4670083279948752,-0.9313456569270525,-0.8115977791486739,0.2996444895886236,0.3856803797468354
-0.012515644555694793,-0.12619222303741742,-0.0044223327805419,-0.016709511568123538,0.8748189530312435,0.006595538312317733,-0.22265656812444012,-0.2560819462227916,-0.043111527647610566,-0.025393600812595195,-0.4139185808505801,-0.1032772746873651,-0.347454844006568,-0.2099271402550091,0.4416607015032214,-0.6352193995381062,-0.5195121951219511,-0.5801410105757936,0.5870801033591734,-0.46514399205561086,-0.18395721925133676,-0.5236818588025023,-0.19243774976944417,-0.19937917860554008,0.6303030303030298,-0.646380525304292,-0.4786324786324789,-0.685996298581123,-0.09040121889283927,-0.5597310126582271
-0.8285356695869841,-0.8217168011738816,-0.7842270130827339,-0.7699228791773779,-1.0229671011793928,-0.22036857419980613,-0.10766349051225678,-0.2772087067861717,1.0665417057169635,0.5068562722194005,-0.8305662952012736,0.07028891763691236,-0.7218390804597701,-0.75,-0.2803626819374849,0.463625866050808,-0.13512195121951226,-0.465922444183314,0.2211886304909563,-0.34041708043694147,-0.8770053475935831,-0.5719392314566584,-0.7439286812173384,-0.8073065902578797,-1.1212121212121213,0.34016655989750144,-0.05485986881335733,-0.40172732880937706,0.9537836465210773,-0.24406645569620156
1.088861076345431,0.7278063096111522,1.0915791413303846,1.2107969151670948,0.3012621560107587,0.27080504364694413,0.960175910090398,1.564660691421255,-0.8678537956888472,-0.5048247841543909,-0.21105299067546054,1.3747304872789992,-0.30804597701149405,0.17531876138433525,-0.22357432593653082,-0.1506928406466513,0.28439024390243905,0.6786133960047004,0.38449612403100775,-0.44289970208540225,0.8000000000000003,0.7953529937444147,0.742084229941592,0.7996657115568283,-0.38787878787878804,-0.4208840486867391,0.06201550387596902,0.44120913016656377,-0.7384459116302696,-0.7883702531645563
-0.22277847309136428,1.3822450476889223,-0.2306983600515934,-0.16709511568123392,-0.8533002276019038,-0.949369544131911,-0.7044547601596222,-0.7976952624839952,-0.6541705716963445,-0.041645505332655444,-0.2874687286786447,0.3031479085812851,-0.3330049261083744,-0.1707650273224044,-0.3758052970651397,-0.34237875288683606,-0.8980487804878047,-1.0320799059929497,-0.34108527131782906,0.023435948361469724,0.012834224598930206,1.422698838248436,0.05594835536427804,0.03223495702005675,-0.14545454545454625,0.11210762331838574,-0.31166766050487,-0.5051202961135103,0.7465718638903003,0.48061708860759533
0.027534418022528012,-0.3022743947175353,0.08844665561083487,0.008354755784061769,1.6776329402027728,1.3668283220174577,0.0011401579933219418,0.3124199743918054,1.5051546391752573,1.27272727272727,1.1635205822151469,0.009918068132815733,0.8729064039408866,0.7928051001821497,0.7757098544500123,0.0687066974595843,0.11268292682926825,0.06028202115158633,0.06614987080103374,1.0005958291956305,0.1326203208556144,-0.40929401251117126,0.11066707654472689,0.03796561604584493,1.1818181818181812,0.33632286995515687,-0.15821904193997222,-0.08315854410857526,0.687658710005079,0.7606803797468346
0.9436795994993739,-1.1944240645634634,0.9566979915238618,1.0687660668380459,0.5040347610180013,0.4931134820562554,1.4155875885658442,1.1792573623559541,0.07685098406747876,-0.7242254951752141,1.4646349783943597,-0.8078913324708923,0.9596059113300489,1.5660291438979965,-0.44404676688141265,0.3585450346420323,1.1448780487804875,-0.06921269095182171,-0.483720930232558,-0.07030784508440917,1.1208556149732622,-1.2135835567470963,1.024900092222563,1.1740687679083086,-0.34545454545454524,0.2709801409352979,0.6917113893858081,0.1983960518198641,-0.21635347892331133,-0.4331487341772143
-0.26783479349186484,0.08804108584005893,-0.22259074995393358,-0.2390745501285346,-0.11255948686116288,0.07410281280310357,-0.3128919293102045,-0.627400768245839,-0.9540768509840674,0.5840528186896881,-0.3284057311803502,0.4131090987494609,-0.200328407224959,-0.3328779599271401,-0.4640897160582203,0.18995381062355662,-0.453170731707317,-0.8887191539365457,-0.6594315245478031,-0.40635551142005966,-0.3422459893048131,0.6863270777479894,-0.18444512757454745,-0.32831900668576924,-0.43636363636363623,0.720691864189622,-0.001590141125024892,-0.6642813078346702,-0.6632808532249875,0.10561708860759506
0.5882352941176464,0.871606749816581,0.6235489220563838,0.5931876606683801,0.29381336643906464,0.982735208535402,-0.06140565192605254,-0.0883482714468632,-0.3692596063730083,1.4047739969527644,0.1501023425062544,0.10478654592496758,0.322495894909688,0.29189435336976344,0.197804819852064,0.7742494226327943,0.7351219512195121,0.027849588719153662,-0.5850129198966405,0.9767626613704073,0.3893048128342246,0.12868632707774783,0.45127574546572324,0.34598853868194795,-0.09696969696969637,0.41063420884048674,-0.19479228781554384,-0.3792720542874772,-0.9822244794311842,0.7092563291139234
0.448060075093867,0.03228173147468803,0.36336834346784513,0.5128534704370177,-1.055245189323403,-1.3947623666343356,-0.6122648424138774,-0.8124199743918057,-0.5454545454545456,-0.9680040629761277,0.022742779167614302,0.361362656317378,-0.19376026272577987,0.2099271402550091,-1.022429014554999,-1.124826789838337,-0.7770731707317071,-0.9162162162162166,-0.8868217054263561,-0.9878848063555116,0.5818181818181815,0.3699731903485256,0.4352905010759289,0.587153772683858,-1.3939393939393943,-1.2226777706598333,-0.44682965613198194,-0.7888957433682915,-0.8075165058405284,-1.0541930379746818
-0.6132665832290359,-0.4988994864269992,-0.6110189791781832,-0.577120822622108,-0.12166356300434623,-0.683220174587779,-0.420066780682466,-0.11843790012804108,-0.31677600749765744,0.7628237684103593,-0.7714350693654767,-0.5107805088400171,-0.9727422003284069,-0.6980874316939891,1.5783822476735867,-0.7467667436489607,-0.8990243902439021,-0.6175088131609873,-0.037209302325581305,0.5080436941410129,-0.6973262032085564,-0.5790884718498664,-0.7476175837688294,-0.6702483285577843,1.521212121212122,-0.7642536835361946,-0.5086066388391972,-0.45256014805675543,0.24073133570340347,0.9236550632911387
0.8635794743429283,-0.3492296404989,0.946379215035931,0.9556555269922881,0.43699565487274944,1.4521823472356927,1.3455493118332114,1.0985915492957747,0.7253983130271792,0.8440832910106634,0.8514896520354789,-0.4911599827511858,1.1119868637110013,1.1133879781420768,-0.623478883321403,1.791570438799076,1.9302439024390237,0.8196239717978848,0.2067183462532301,0.7972194637537241,1.082352941176471,-0.450402144772118,1.2031970488779584,1.1745463228271242,0.08484848484848391,2.119795003203075,1.6958855098389984,1.4208513263417644,0.6510919248349425,0.9244462025316448
0.9937421777221521,0.7043286867204693,0.9898654873779239,1.2339331619537273,0.5330022760190349,-0.17342386032977747,1.1461845427152049,1.7618437900128043,-0.4967197750702909,-0.15134586084306637,1.975892654082329,0.5209141871496334,1.7924466338259435,2.3210382513661205,-0.07897876401813406,-0.3920323325635104,0.1331707317073172,0.5047003525264392,-0.7503875968992245,-0.22601787487586897,2.1090909090909085,1.2243074173369077,1.9409775591761447,2.49212034383954,1.115151515151515,0.1979500320307494,1.0272311667660505,1.90203578038248,0.6023362112747594,0.4909018987341769
-0.32290362953692087,-0.90975788701394,-0.24101713653952414,-0.2776349614395886,0.8996482516035584,0.5606207565470412,0.8845997231044875,0.1549295774647887,-0.16307403936269885,0.09446419502285407,0.07368660450307024,-0.5799913755929277,0.022988505747126523,-0.004098360655737537,-0.18873777141493683,-0.08602771362586614,0.4492682926829269,-0.7714453584018804,-0.7131782945736431,0.041708043694141037,-0.1625668449197864,-0.5951742627345848,-0.11988933292345631,-0.16021967526265546,1.296969696969697,0.5631005765534915,1.13536076326774,-0.45256014805675543,0.029456576942610623,0.5581487341772151
0.8235294117647055,-1.250183418928834,0.8255021190344569,0.9556555269922881,0.565280364163045,-0.008923375363724846,0.6018405407606482,1.3418693982074268,1.336457357075913,-1.1142712036566755,2.4243802592676826,-0.40168175937904244,2.538587848932676,2.58424408014572,0.5752803626819377,-0.08487297921478074,0.486341463414634,0.9206815511163337,1.0191214470284236,-0.7201588877855015,1.1251336898395716,-1.2743521000893663,1.1417153396864428,1.2275549188156631,0.10303030303030346,-0.24535554131966686,0.00795070562512424,0.6139420111042567,0.6693753174200113,-1.2053006329113907
-0.46808510638297884,1.1357300073367578,-0.4857195503961672,-0.41516709511568134,-0.4849989654458933,-1.0401551891367604,-0.7230230474794365,-0.891165172855314,-0.8378631677600752,-0.22041645505332522,1.370934728223789,0.45623113410952987,1.0568144499178975,0.7791438979963571,-0.01264614650441404,-0.6070438799076213,-0.6765853658536584,-0.3519388954171565,1.3085271317829459,-0.4770605759682226,-0.4962566844919786,0.30205540661304703,-0.5441131263449129,-0.47588347659980923,-1.1818181818181819,-1.0954516335682254,-0.8504869807195391,-1.1516347933374462,-0.6084306754697821,-0.8168512658227841
-0.6933667083854815,0.3844460748349227,-0.700939745715865,-0.6323907455012852,-0.8971653217463278,-1.1429679922405431,-0.05456470396612111,-0.17733674775928313,-0.7591377694470474,-0.6693753174200087,0.1564703206731862,-0.11966364812419142,0.0006568144499178257,-0.1607468123861567,1.6218086375566698,-0.6696304849884526,0.19658536585365843,0.005287896592244407,0.8475452196382425,-0.17755710029791474,-0.7743315508021391,-0.03395889186773929,-0.8502920381186604,-0.7137058261700098,0.060606060606060656,-1.0271620755925686,-0.1415225601272114,-0.3506477483035164,-0.6754697816150336,-0.7551424050632902
1.1339173967459324,0.40205429200293513,1.158651188501934,1.2519280205655523,-0.19118559900682866,0.8442289039767209,0.6722045769199446,1.4801536491677338,0.6016869728209937,-0.29355002539359915,0.29292699567887204,-0.10866752910737384,0.4472906403940883,0.4512750455373408,-0.2631830112145073,0.7084295612009235,-0.31756097560975594,0.6880141010575793,-0.5188630490956071,0.3539225422045678,0.9026737967914434,0.38605898123324406,1.0617891177374719,0.9247851002865319,0.19999999999999984,1.6828955797565661,0.14470284237726097,1.6059222702035783,0.4662265109192492,0.6934335443037974
-0.5481852315394244,0.18488628026412302,-0.5476322093237517,-0.512853470437018,-0.5917649493068492,-0.6952473326867122,-0.165974427885007,-0.4673495518565943,-0.7591377694470474,-0.27932960893854575,-0.6722765521946782,-0.501940491591203,-0.6929392446633825,-0.639799635701275,0.393939393939394,0.23036951501154734,0.21317073170731698,-0.3397179788484138,0.7255813953488368,0.316583912611718,-0.5860962566844923,-0.001787310098302335,-0.5625576391023673,-0.5780802292263612,0.3757575757575764,0.11723254324151174,0.18922679387795663,-0.023195558297347575,0.9700355510411387,0.21162974683544367
-1.4112640801001253,0.490095377842993,-1.279528284503408,-1.248071979434447,0.6844609973101595,0.7953443258971866,0.7419170942259141,0.33418693982074266,0.8491096532333645,0.6612493651599785,-0.6841027973618378,0.48210435532557133,-0.3973727422003283,-0.7418032786885247,1.5149129086136968,0.8019630484988451,1.1390243902439023,0.5117508813160986,-0.33901808785529686,0.953723932472691,-1.4459893048128343,0.5004468275245751,-1.2056563172456203,-1.2175262655205348,1.6909090909090914,0.7501601537475975,0.8125621148876966,0.33732264034546555,-0.22447943118334204,0.7076740506329113
-0.5632040050062577,0.3844460748349227,-0.5240464344941953,-0.532133676092545,-0.5603145044485839,0.0290979631425795,0.5239840377880935,-0.6907810499359799,1.1715089034676662,0.5495175215845608,0.2811007505117124,0.9521345407503232,0.4932676518883413,0.03506375227686718,0.6654736339775712,0.6299076212471129,2.5224390243902435,-0.03372502937720359,0.1963824289405683,0.7702085402184706,-0.45775401069518723,0.5272564789991063,-0.33200122963418416,-0.45678127984718264,-0.1878787878787882,0.282511210762332,0.7457761876366529,-0.42393584207279467,0.6145251396648049,0.5446993670886072
-0.19274092615769697,-0.35509904622157046,-0.15625575824580823,-0.13881748071979447,-0.04220980757293694,-0.3173617846750729,-0.1643456307516899,-0.15044814340589002,0.0056232427366441785,-0.167597765363128,-0.045485558335228604,0.05735230702889166,-0.11888341543513957,-0.021402550091074633,-0.4912908613696017,0.3666281755196305,-0.03463414634146352,-0.22972972972973,-0.7999999999999994,-0.05203574975173786,-0.012834224598930966,-0.14655942806076863,-0.13034122348601407,-0.024116523400191336,-0.6303030303030307,0.16207559256886603,0.06440071556350624,0.06859962985811206,-0.23260538344337275,0.010680379746836232
0.48310387984981207,0.4108584005869403,0.6007002026902514,0.5321336760925446,-0.13738878543347893,1.483220174587778,1.8830523658278362,1.4756722151088353,0.4854732895970005,0.37480954799390465,-0.28292017284512183,-0.22294092281155653,-0.034811165845648556,-0.050546448087431674,-0.9083750894774519,1.5098152424942262,1.7634146341463413,0.8924794359576967,-0.39689922480620105,1.2603773584905664,0.427807486631016,0.262734584450402,0.5883799569628031,0.44245463228271165,-0.8060606060606064,1.8584240871236384,1.6203538064003182,1.403578038247995,0.02336211274758731,0.9837816455696194
-1.1889862327909884,-0.4049889948642698,-1.1792887414777953,-1.077120822622108,0.17463273329195014,-1.0292919495635309,-0.9331378776773354,-1.2532010243277854,0.6241799437675725,0.4154393092940581,-0.4102797361837617,-0.06770159551530827,-0.6233169129720851,-0.6325136612021858,0.573848723455023,-0.8969976905311778,-0.8287804878048778,-0.8102232667450062,-0.4403100775193797,0.18788480635551122,-1.2363636363636363,-0.40393208221626486,-1.273286197356287,-1.1043457497612226,0.030303030303030328,-1.0663677130044842,-0.9410455177897042,-1.4808143121529924,-0.10462163534789216,-0.15545886075949308
-0.24280350438047524,-1.068231841526046,-0.18647503224617648,-0.1960154241645244,-0.9228222636043873,0.06828322017458713,0.9650623014903496,0.017285531370038378,-0.2717900656044988,0.3199593702386992,0.1009779395042074,-0.36114704614057774,0.3500821018062396,0.00409836065573786,-0.7055595323311861,1.7603926096997686,2.4219512195121946,0.45299647473560495,0.3059431524547807,1.7894736842105265,-0.432085561497326,-0.8471849865951748,-0.2569935444205353,-0.41189111747851037,-1.5393939393939398,0.9154388212684178,1.156032597893063,0.1870450339296728,-0.11274758760792288,0.9719145569620247
-0.24280350438047524,0.08510638297872318,-0.22111663902708664,-0.21915167095115692,0.006621146285950488,-0.18312318137730416,0.16792898444498738,-0.3072983354673498,-0.08809746954076816,-0.16353478923311296,-0.025471912667728223,-0.47391116860715815,0.05714285714285725,-0.12249544626593797,-0.024099260319732863,-0.13106235565819865,0.13512195121951226,-0.4360752056404232,0.3410852713178298,-0.3253227408143,0.06417112299465179,0.0017873100983017002,0.12419305256686024,0.04035339063992325,0.5333333333333334,0.581037796284433,0.6289008149473265,0.11030228254164069,0.9862874555611989,-0.0992879746835436
0.08760951188986177,0.5311812179016873,0.10023954302561257,0.10732647814910017,-0.07200496585971529,0.09156159068865127,-0.6774167277465593,-0.2669654289372602,0.5342080599812552,0.7120365667851689,1.0097793950420741,-0.49396291504959017,1.0068965517241375,0.5997267759562843,0.012646146504414455,-0.16108545034642036,-1.126731707317073,-0.5735605170387782,0.9302325581395346,0.00675273088381317,0.1326203208556144,0.06255585344057157,0.20350445742391565,0.051337153772683296,-0.4000000000000005,-0.08263933376040977,-0.7229576624925464,-0.49302899444787207,1.179278821736923,0.11036392405063339
1.9048811013767202,0.16434336023477591,1.8640132669983398,2.2210796915167093,0.3831988412993997,0.31852570320077567,0.6467953416401987,1.4903969270166455,-0.8378631677600752,-0.8197054342305715,0.7586991130316123,0.9499784389823199,0.674548440065681,1.244535519125683,0.6554521593891678,0.3504618937644341,-0.028780487804878054,0.32608695652173914,-0.16330749354005142,-0.2927507447864945,1.706951871657753,0.2537980339588916,1.5597909621887482,1.876074498567334,0.35151515151515145,-0.048046124279308176,0.03259789306300929,0.18285009253547196,-0.687658710005079,-0.8912183544303787
2.3053817271589483,-0.19075568598679452,2.3357287635894584,2.80012853470437,0.7092902958824744,1.0719689621726471,2.8613079240980537,3.7426376440460953,0.35426429240862173,-0.7790756729304196,0.48942460768705953,-0.30530401034928834,0.4761904761904761,1.2490892531876143,-0.537580529706514,0.0017321016166281047,0.4590243902439024,0.8642773207990597,-0.7834625322997414,-0.005958291956305962,2.4427807486631017,0.18945487042001768,2.402090378112511,2.8932664756446975,0.8242424242424242,0.8821268417680972,1.396143907771815,2.514003701418878,0.8237684103605903,0.40941455696202483
-0.2578222778473094,0.03228173147468803,-0.2594435231251147,-0.2660668380462723,1.0155183116076965,-0.22890397672163007,-0.4516654450688168,0.2778489116517284,0.6804123711340205,1.2971051295073632,1.0061405503752556,1.105217766278568,0.7612479474548439,0.41211293260473614,-0.2149844905750416,-0.37240184757505773,-0.712682926829268,1.4682726204465337,0.924031007751938,0.8250248262164847,-0.5604278074866311,-0.5558534405719392,-0.5957577620657861,-0.5776026743075456,-0.8484848484848484,-1.0002562459961561,-0.8936593122639638,-0.616903146206046,-1.0269172168613514,-0.17365506329113817
-0.24780976220275389,-0.7395451210564932,-0.24322830292979508,-0.22236503856041143,-0.45520380715911496,-0.4275460717749763,-0.6132421206938676,-0.5217669654289375,-0.30178069353327086,0.2691721686135088,0.018194223334091444,-0.412031047865459,0.16880131362889986,-0.08242258652094697,-0.22930088284419003,-0.09642032332563517,-0.790731707317073,-0.8931844888366631,-0.9095607235142115,-0.24190665342601797,-0.16684491978609647,-0.4736371760500452,-0.04426683061789198,-0.15783190066857714,-0.14545454545454625,0.2709801409352979,-0.36175710594315263,-0.6973473164713143,-0.1452513966480446,0.28916139240506344
-0.42302878598247834,-0.07923697725605272,-0.42528100239542965,-0.38431876606683807,-0.7043244361680121,-0.7778855480116394,-0.3871650785894617,-0.1453265044814342,0.5866916588566071,-0.5718638902996429,-0.44120991585171726,0.5166019836136265,-0.7835796387520524,-0.5496357012750455,0.8167501789549038,-0.001732101616628305,-0.4385365853658535,-0.08566392479435965,0.03927648578811352,-0.46514399205561086,-0.4620320855614973,0.30741733690795336,-0.4598831847525372,-0.4696752626552058,0.5393939393939389,0.05317104420243452,-0.2432915921288016,0.1870450339296728,0.7486033519553077,-0.46558544303797433
0.5782227784730909,-0.152604548789435,0.5255205454210422,0.6182519280205657,-0.3625077591558047,-0.5862269641125124,-0.8002280315986644,-0.8745198463508327,-0.3917525773195881,-0.21635347892331017,-0.33659313168069144,-0.3068132815868908,-0.44072249589490947,-0.18260473588342435,-0.6129801956573613,-0.6750577367205542,-0.9256585365853657,-0.9702702702702707,-1.0873385012919892,-0.5255213505461768,0.5775401069518714,-0.08042895442359302,0.5207500768521355,0.5241165234001902,-0.7454545454545457,-0.469570787956438,-0.644404690916319,-0.8088834053053673,-0.7486033519553077,-0.3271360759493668
-0.8185231539424277,-0.8129126925898754,-0.7237884650819975,-0.7622107969151671,0.9162011173184358,0.5625606207565463,0.4953172082417134,0.53393085787452,0.21555763823805077,1.8496698831894343,-0.8678644530361612,-0.37925830099180663,-0.624630541871921,-0.8301457194899817,0.7313290384156529,0.4336027713625863,0.8746341463414633,0.27203290246768486,1.1886304909560723,0.4349553128103276,-0.9497326203208557,-0.7381590705987495,-0.7420842299415928,-0.8412129894937919,0.8363636363636368,0.6322869955156951,0.5382627708209103,0.5843306600863664,1.154900964956832,1.1744462025316453
1.178973717146433,0.3932501834189289,1.1756034641606774,1.3457583547557836,-0.006621146285951636,0.3685741998060133,1.175828650541575,1.1702944942381563,-0.5904404873477043,-0.16556627729811976,1.1871730725494656,0.43035791289348846,1.0502463054187188,1.6917122040072865,-0.444523979957051,0.1483833718244801,1.0785365853658533,0.11292596944770861,-1.2837209302325574,-0.5175769612711024,1.471657754010694,0.720285969615728,1.3507531509375952,1.6755014326647553,-0.20606060606060606,0.4926329276105062,0.9890677797654545,0.6953732264034547,-0.9151853732859327,-0.5075158227848089
0.5782227784730909,0.5487894350696997,0.5432098765432098,0.6433161953727506,-0.44609973101593275,-0.5109602327837056,-0.8256372668784103,-0.13700384122919357,-0.612933458294283,-0.6571863890299621,0.7859904480327494,1.4652867615351441,0.6574712643678159,0.8847905282331513,-0.022667621092817856,-0.46939953810623564,-1.2490731707317069,-0.44735605170387804,0.4981912144702846,-0.034558093346574094,0.6374331550802139,0.7113494191242182,0.5576391023670454,0.6349092645654244,-0.9818181818181821,-0.7373478539397822,-0.9117074140329957,-0.6149290561381865,-0.4459116302691719,-0.541534810126581
0.3028785982478099,1.1269258987527515,0.28966279712548293,0.34447300771208234,-0.5305193461618055,-0.49427740058195974,-0.17346689469826546,-0.05313700384122927,0.361761949390815,-0.6104621635347881,0.06004093700250166,1.1655886157826647,0.25944170771756975,0.0969945355191258,-0.1839656406585539,0.6275981524249421,-0.06487804878048768,-0.5977673325499415,0.11576227390180906,-0.3285004965243299,0.02566844919786041,0.9240393208221626,0.06824469720258132,0.024116523400190795,-0.8484848484848484,-0.06342088404868686,-0.3259789306300936,-0.683035163479334,-0.19400711020822772,-0.7416930379746823
0.012515644555694793,-1.1592076302274401,0.034641606780910154,-0.0025706940874034526,0.36747361887026697,0.28942774005819566,-0.8432282759182343,-0.37323943661971853,-0.30178069353327086,0.21025901472828828,-0.6804639526950194,-0.6582578697714528,-0.6443349753694578,-0.5951730418943533,0.08613696015270826,-0.37124711316397235,-1.1757073170731704,-0.22667450058754413,-0.8248062015503871,-0.7765640516385304,-0.2737967914438505,-1.1706881143878467,-0.20227482324008644,-0.29823304680038215,0.10909090909090885,-0.31326073030108903,-0.8735440270323994,-0.5031462060456511,-0.7384459116302696,-0.5328322784810114
0.6733416770963697,-0.5135730007336758,0.6242859775198079,0.7628534704370181,-0.6331471135940415,-0.6797284190106694,-0.11157260363221753,0.2797695262483995,-0.016869728209934615,-0.2001015744032499,1.2162838298840117,0.10263044415696437,1.0686371100164203,1.1680327868852463,0.9985683607730859,-0.23845265588914558,-0.24731707317073157,0.024324324324324194,0.4795865633074932,0.3658391261171797,0.650267379679144,-0.4378909740840042,0.5760836151244998,0.6392072588347653,-0.5151515151515156,-0.59513132607303,-0.40151063406877385,-0.22924120913016677,-0.015236160487556596,-0.28599683544303717
-0.3829787234042555,1.1151870873074108,-0.35231251151649146,-0.34640102827763475,0.45106559073039504,0.07837051406401527,-0.17867904552488,-0.31946222791293233,-0.11433926897844411,0.40121889283900464,0.5121673868546738,-0.16321690383786108,0.2226600985221674,0.4439890710382514,0.9160104986876645,1.1610854503464199,-0.025853658536585153,-0.2894242068155114,-1.023255813953488,1.1809334657398214,-0.20106951871657777,0.37890974084003537,-0.26375653243160196,-0.15830945558739293,1.3333333333333328,0.874439461883408,-0.09461339693897852,-0.28007402837754475,-0.5982732351447441,0.7480221518987339
0.28785982478097577,-0.2083639031548059,0.23880597014925317,0.34640102827763475,-0.6439064763087119,-1.0292919495635309,-0.10505741509894939,-0.032650448143406126,-0.834114339268978,-0.6551549009649552,0.33841255401410064,-0.23221216041397127,0.2804597701149425,0.43397085610200375,0.07086614173228359,-0.45900692840646656,0.38780487804878033,0.02690951821386605,-0.6015503875968989,0.10049652432969207,0.427807486631016,-0.07685433422698834,0.4309867814325232,0.44245463228271165,-0.024242424242424936,-0.5195387572069187,0.13039157225203737,0.3198025909932141,-0.4601320467242259,0.021756329113924926
1.5093867334167708,-1.1151870873074108,1.524967753823474,1.7300771208226222,0.197806745292778,0.7041707080504357,1.0614870917827184,2.193341869398208,0.36551077788191216,-0.5556119857795813,0.5112576756879689,-0.3943510133678308,0.1858784893267651,0.730874316939891,-0.3180625149129085,0.015588914549653544,-0.17902439024390238,0.8783783783783784,-0.21498708010335896,-0.03138033763654422,1.4374331550802135,-0.8543342269883829,1.3814940055333529,1.4644221585482318,-0.34545454545454524,0.29788597053171034,0.0691711389385807,1.322146822948797,-0.019299136617572515,-0.41495253164556917
1.1389236545682102,-0.228906823184153,1.0989496959646203,1.2429305912596398,0.5230705565901091,0.09233753637245365,-0.41518038928251483,0.8156209987195906,0.2305529522024363,-0.7039106145251374,0.1437343643393221,0.4713238464855543,0.08210180623973726,0.3975409836065576,-0.3834407062753519,-0.15184757505773672,-1.106243902439024,0.03066980023501732,-0.8744186046511624,-0.5271102284011917,0.842780748663101,-0.18409294012511196,0.7851214263756521,0.8478987583572105,-0.38787878787878804,-0.10185778347213305,-0.7610415424368916,0.02541640962368882,-0.6673438293550028,-0.9236550632911377
-0.5081351689612017,-0.45781364636830496,-0.4289662797125486,-0.4627249357326477,1.7024622387750878,0.6269641125121238,0.13111816923202219,0.40012804097311144,0.5042174320524831,0.8217369222955798,1.0534455310438937,0.3354894351013366,0.9504105090311982,0.6971766848816031,1.4862801240754007,-0.241916859122402,-0.01024390243902448,0.6410105757931843,0.7834625322997417,0.6701092353525324,-0.35080213903743324,-0.43610366398570183,-0.3233937903473728,-0.31685768863419345,1.4909090909090914,-0.3068545803971813,-0.10494931425163999,0.35360888340530533,0.1452513966480446,0.33900316455696256
-0.7684605757196494,1.0799706529713868,-0.7635894601068725,-0.7210796915167094,0.7920546244568589,-0.6475266731328809,-0.9710888508836226,-0.9161331626120363,-0.388003748828491,0.2996444895886239,0.28201046167841687,1.4652867615351441,0.1806239737274219,-0.08424408014571956,0.48890479599141046,-0.6435334872979214,-1.1359024390243901,-0.6541715628672152,1.9038759689922473,-0.24587884806355503,-0.761497326203209,0.8739946380697053,-0.7728250845373505,-0.7552531041069724,0.012121212121212468,-0.7796284433055732,-1.0048101769032005,-1.005798889574337,0.494667343829355,-0.3738132911392396
0.9186483103879843,0.47248716067498164,0.9537497696701668,1.0745501285347046,-0.6910821435961112,0.05935984481086282,1.6094144474305725,0.267605633802817,-0.9203373945641992,-0.5088877602844073,-0.018194223334091444,0.7667097887020269,0.21477832512315262,0.284608378870674,-0.8286805058458605,0.6310623556581987,1.4804878048780485,-0.022209165687426757,-0.7834625322997414,-0.03376365441906654,0.9240641711229945,0.7792672028596962,1.0003074085459565,1.0236389684813745,-1.157575757575758,1.1947469570787959,1.7149672033392969,0.2990746452806908,-0.5312341289994926,-0.10482594936708794
-0.6783479349186483,0.2582538517975053,-0.6301824212271967,-0.6510282776349614,1.04862404303745,0.3305528612997084,0.13861063604528062,0.05569782330345707,0.7816307403936271,0.4357541899441334,-0.11371389583807152,0.02501078050884013,-0.4459770114942526,-0.15710382513661184,1.2853734192316872,0.16108545034642036,0.23170731707317088,0.4999999999999999,1.36640826873385,-0.9155908639523338,-0.7144385026737966,-0.17873100983020557,-0.7795880725484172,-0.6568767908309456,1.2303030303030293,-0.1825752722613707,0.0015901411250246712,0.039481801357186694,0.6653123412899954,-0.6428006329113912
0.4730913642052566,-0.6250917094644172,0.4473926662981381,0.5321336760925446,0.16552865714876794,-0.3945683802133855,0.26989168499063443,0.7836107554417416,-0.005623242736645218,-0.683595733875062,0.6249715715260403,-0.727037516170763,0.21740558292282422,0.6625683060109292,0.279885468861847,-0.2927251732101617,-0.05024390243902419,0.4905992949471209,0.2583979328165376,-0.45719960278053634,0.303743315508021,-0.8900804289544239,0.1401782969566546,0.32115568290353325,-0.012121212121212468,-0.5451633568225497,-0.07076128006360581,0.20727945712523116,-0.41137633316404276,-0.8587816455696186
-0.2377972465581975,0.6779163609684518,-0.13561820526994672,-0.25321336760925434,1.437616387337058,1.5026188166828314,1.400276895512664,-0.21830985915492987,1.5201499531396436,1.8232605383443343,-0.6768251080282011,-0.4366106080206983,-1.1097536945812805,-0.6680327868852459,0.18539727988546892,0.8042725173210159,2.0531707317073167,0.22361927144535826,-0.9364341085271314,1.146772591857001,-0.41925133689839583,0.02502234137622888,-0.411927451583155,-0.4816141356255974,0.7393939393939387,0.766816143497758,1.5209699860862653,-0.07254780999383129,-0.04773996952767944,0.9837816455696194
-0.868585732165206,-0.03228173147468803,-0.7753823475216501,-0.8155526992287915,0.3840264845851432,0.8166828322017451,0.4516654450688168,0.1798975672215107,-0.37300843486410545,0.8359573387506333,-0.9533773027063908,1.2604570935748165,-0.8742200328407222,-0.894808743169399,1.7263183011214518,2.166859122401847,2.4775609756097556,1.061692126909518,-0.9322997416020665,0.9251241310824229,-1.078074866310161,0.4432529043789099,-0.9468183215493394,-0.9964183381088825,0.8969696969696974,1.0166559897501601,0.39833035181872384,0.3649599012954966,-0.9009649568308793,0.53995253164557
-1.1289111389236546,-0.6661775495231109,-1.0827344757693007,-1.0469151670951153,1.0817297744672048,0.0290979631425795,-1.0464044303282025,-0.8265044814340593,0.2605435801312084,0.9212798374809538,-0.5840345690243348,-0.20633893919793012,-0.8177339901477831,-0.7336065573770493,0.3004056311142926,-0.8030023094688221,-1.5412682926829264,-0.9331374853113987,-0.5602067183462528,0.3586891757696128,-1.1208556149732622,-0.7560321715817697,-1.128804180756226,-1.0542024832855779,0.36969696969696936,-0.7219730941704035,-1.079785330948122,-0.9668106107341151,-0.23869984763839494,0.5328322784810126
0.3679599499374214,0.5575935436537048,0.3338861249309009,0.4685089974293057,-0.14483757500517294,-0.52725509214355,0.6454923039335451,0.5960307298335469,-0.4517338331771323,-0.6612493651599771,1.9486013190811917,0.3203967227253127,1.7228243021346463,2.1388888888888893,0.05702696253877349,-0.5063510392609699,0.282439024390244,0.1176263219741479,-0.5229974160206715,-0.39841112214498514,1.6427807486631012,1.0437890974084005,1.5229019366738383,1.802531041069722,0.7333333333333333,-0.21844971172325442,0.8125621148876966,0.7940777297964221,0.3077704418486543,-0.17761075949367047
0.12765957446808457,-0.501834189288335,0.13488114980652272,0.136246786632391,0.6844609973101595,0.1148399612027154,0.7422428536525776,0.5524967989756723,0.04311152764760953,0.9619095987811044,-0.4193768478508074,-0.5062526951272099,-0.7875205254515596,-0.20446265938069197,1.356000954426152,0.5790993071593531,0.461951219512195,0.5587544065804935,1.7612403100775187,1.8720953326713012,-0.17112299465240655,-0.7327971403038431,-0.1856747617583775,-0.1468481375358171,1.2303030303030293,0.45035233824471504,0.4921486781951898,0.537446020974707,1.3153885220924344,1.573180379746834
1.7246558197747182,-0.8422597212032288,1.694490510410907,1.9762210796915165,0.22511897372232575,0.33132880698351075,0.5288704291880446,1.2938540332906534,0.0618556701030922,-0.24682579989842524,-0.15283147600636807,-0.7787839586028458,-0.1333333333333332,0.17440801457194893,-0.9188737771414941,-0.29503464203233254,-0.029756097560975577,-0.04594594594594624,-0.5643410852713177,-0.5946375372393248,1.5272727272727271,-0.7953529937444154,1.4798647402397782,1.5842884431709634,-0.4484848484848487,0.007046764894298461,0.5470085470085472,0.7175817396668723,0.09243270695784667,-0.46162974683544206
-0.23279098873591977,0.5370506236243577,-0.20416436336834304,-0.2024421593830334,0.30043451272501515,0.17070805043646892,0.10114830197898841,1.0243277848911656,0.9765698219306461,0.03351955307262673,0.8906072322037752,0.7063389391979302,0.6272577996715923,0.6671220400728598,0.7780959198282036,0.3204387990762124,-0.44926829268292673,0.5775558166862514,-0.5581395348837206,0.7694141012909631,0.12834224598930433,0.7739052725647898,0.019674146941284547,0.1062559694364846,0.9030303030303027,0.41704035874439455,-0.19479228781554384,0.5966687230104873,-0.1310309801929917,0.45767405063291083
-0.6032540675844805,-0.9214966984592815,-0.539524599226092,-0.5629820051413882,1.0237947444651352,0.22541222114451967,0.46632461926867014,-0.3444302176696546,0.22680412371134015,1.173184357541899,-0.4739595178530817,0.361362656317378,-0.34614121510673235,-0.5077413479052824,-0.4421379145788597,0.7072748267898381,2.238536585365853,-0.21257344300822584,0.14470284237726078,0.9886792452830189,-0.7443850267379679,-0.38069705093833833,-0.6019059329849373,-0.7094078319006686,0.4363636363636354,0.3760409993593852,0.7743987278871001,-0.23466995681677993,0.42356526155408825,1.2535601265822782
0.48310387984981207,-0.757153338224505,0.5129906025428406,0.5661953727506427,-0.7903993378853719,-0.0384093113482058,0.12134538643211985,-0.023047375160051394,0.2755388940955949,-0.20213306246825674,-1.048896975210371,-0.9846916774471752,-0.9582922824302132,-0.7800546448087432,-0.3204485802911002,1.7118937644341796,0.5673170731707317,-0.1378378378378379,0.09302325581395397,1.9849056603773585,0.1711229946524058,-0.7846291331546026,0.376882877343989,0.19508118433619814,-0.030303030303030328,1.777706598334401,0.7529318226992648,0.5325107958050584,1.3296089385474872,1.6159018987341756
0.03754693366708349,1.3910491562729275,0.030219274000368255,0.08868894601542422,-0.139044072004966,-0.7317167798254124,0.2718462415506148,0.12612035851472472,-0.500468603561387,0.13915693245302257,-0.17102569934045952,0.8227684346701161,-0.4906403940886697,-0.004098360655737537,0.7709377236936293,-0.34584295612009247,0.4590243902439024,-0.005287896592244407,-0.2604651162790698,0.20615690168818254,0.14973262032085544,1.6693476318141194,0.012911158930217876,0.1788443170964657,0.8424242424242421,-0.24791800128123004,0.4412641621943948,0.23417643429981494,0.19603859827323514,0.37302215189873467
-0.49311639549436753,-0.15847395451210544,-0.48866777224986113,-0.4640102827763495,0.4560314504448574,-0.5842870999030071,-0.02198876129978018,0.4686299615877082,-0.7591377694470474,0.2001015744032499,-0.09460996133727535,-0.5021561017680033,-0.11625615763546798,-0.18715846994535518,0.48747315676449543,-0.7287528868360277,0.11365853658536577,0.6833137485311397,0.2563307493540054,-0.5549155908639525,-0.4834224598930484,-0.47184986595174283,-0.45557946510913067,-0.45200573065902605,0.2606060606060605,-0.8667520819987187,-0.08030212681375472,0.6435533621221468,-0.3260538344337231,-0.39438291139240383
0.5782227784730909,-0.7483492296404993,0.5660585959093413,0.6098971722365036,0.2424994827229455,0.015906886517943496,0.19627005456470406,0.7708066581306017,1.4676663542642918,-0.29151853732859234,-0.06913804866954738,-0.1701164294954721,-0.0006568144499178257,-0.04599271402550083,-0.7866857551896924,0.04561200923787523,-0.3946341463414633,0.3495887191539364,-0.5064599483204131,-0.6168818272095333,0.3593582887700534,-0.40929401251117126,0.402090378112511,0.2571633237822344,-0.5757575757575762,0.009609224855861635,-0.13198171337706227,0.3975323874151759,0.4520060944641952,-0.5407436708860749
-0.3779724655819778,0.14966984592809923,-0.412751059517229,-0.35282776349614375,-0.7961928408855788,-1.12356935014549,-0.6204088280804626,-0.7413572343149811,0.5604498594189311,0.230573895378365,-0.2565385490106891,-0.7880551962052605,-0.40788177339901466,-0.22267759562841535,0.6330231448341689,-0.7661662817551963,-0.5370731707317071,-0.22150411280846083,0.4609819121447026,0.21092353525322752,-0.444919786096257,-0.48257372654155556,-0.5016907470027673,-0.424785100286533,-0.8242424242424242,-1.0581678411274822,-0.5579010137149674,-0.5147439851943247,0.10665312341290069,-0.1483386075949367
-0.5982478097622027,0.2112986060161406,-0.5918555371291686,-0.5469151670951158,0.10097248086074896,-0.6424830261881671,-0.40345304992263215,-0.2804097311139567,0.4329896907216496,-0.12696800406297598,1.2481237207186717,-0.3352738249245363,1.121182266009852,0.6443533697632059,0.23693629205440256,-0.5040415704387992,-0.6014634146341462,0.05464159811985902,1.0728682170542632,-0.7217477656405165,-0.5005347593582886,-0.2806076854334228,-0.5355056870581006,-0.5121776504297998,-0.5878787878787879,-0.8552210121716848,-0.6451997614788315,-0.45354719309068503,0.015236160487557724,-0.8769778481012648
-1.103879849812265,0.2582538517975053,-1.065045144647134,-1.0167095115681233,1.2058762673287817,-0.37594568380213395,-0.5145370144148547,-0.46542893725992346,-0.88659793814433,1.2260030472320962,-0.9733909483738914,1.2173350582147475,-1.044991789819376,-0.8957194899817851,1.4275829157718924,-0.652771362586605,-0.05219512195121957,0.06028202115158633,0.037209302325581305,0.7527308838133069,-1.3176470588235292,0.09115281501340448,-1.2954196126652324,-1.1497134670487106,0.8060606060606064,-0.8616271620755923,-0.6199165175909365,-0.45749537322640355,-1.0553580497714583,0.19501582278481064
0.7534418022528153,0.8217168011738816,0.8181315644002202,0.8091259640102825,-0.24167183943720313,1.3319107662463618,0.3865135597361349,0.35275288092189494,-0.7966260543580127,0.025393600812595195,0.8396634068683193,0.04225959465286774,1.2065681444991787,1.0104735883424412,-0.847769028871391,2.0629330254041567,0.9360975609756095,1.0710928319623971,-0.33695090439276465,0.29751737835153913,0.9882352941176463,0.5773011617515641,1.2462342453120185,1.0140878701050613,-0.7696969696969699,2.1941063420884044,0.7076128006360564,1.2357803824799505,-0.40325038090401205,0.20767405063291136
-0.9486858573216516,1.2472487160674985,-0.9227934402063745,-0.8521850899742931,-0.34926546658390256,-0.7387002909796315,-0.08551184949914496,-0.7061459667093474,1.1152764761012182,-0.03961401726764862,0.47486922901978595,1.3423889607589476,0.5379310344827587,0.02595628415300548,0.31472202338344096,0.7465357967667434,1.1019512195121948,0.3542890716803757,0.1467700258397937,0.25461767626613707,-0.5903743315508024,1.4316353887399462,-0.5004611128189372,-0.6048233046800384,0.13939393939393918,-0.02626521460602173,0.24249652156628906,-0.22134484885872938,0.4723209751142714,0.05261075949367075
-0.03754693366708438,-0.17021276595744741,-0.05085682697622976,0.0025706940874034526,-0.5296917028760608,-0.8601357904946655,-0.29660395797703404,-0.15044814340589002,0.30178069353327086,-0.3463687150837978,-0.7850807368660452,-0.7136696852091416,-0.9385878489326761,-0.6006375227686703,-0.952278692436173,-0.7478060046189376,-0.590731707317073,-0.4828437132784962,-0.34108527131782906,-0.5811320754716983,0.0855614973262029,-0.33601429848078695,-0.012911158930218748,0.0828557784145172,-0.3333333333333336,-0.2556053811659192,0.2106936990657921,0.36249228871067235,1.091924834941596,-0.21004746835442945
-0.1977471839799747,-0.5370506236243582,-0.18278975492905858,-0.18508997429305918,-0.9459962756052153,-0.15286129970902082,-0.010587181366560759,-0.5460947503201028,-0.19306466729147198,-1.0614525139664783,-0.15738003183989094,-0.35122897800776176,-0.18850574712643667,-0.1452641165755919,0.053686471009305556,0.8204387990762124,0.24926829268292694,-0.5897767332549944,0.5209302325581396,-0.5120158887785503,-0.337967914438503,-0.793565683646113,-0.3184752536120508,-0.33166189111747857,-1.115151515151515,-0.08520179372197295,-0.15821904193997222,-0.8801974090067863,-0.5088877602844085,-1.0201740506329096
0.9536921151439294,1.6316947909024213,0.9331122166943053,1.1066838046272496,-0.447755017587421,-0.39224054316197887,1.470315172245297,1.7695262483994882,-0.34301780693533235,-1.1792788217369194,1.4573572890607234,1.3553255713669683,1.423316912972085,1.1926229508196722,1.1589119541875452,0.27771362586605086,1.4902439024390244,1.6022326674500589,-0.06821705426356596,0.398411122144985,0.7058823529411757,1.3726541554959788,0.6375653243160153,0.6783667621776499,0.19393939393939444,-0.17360666239590014,0.8372093023255817,1.2851326341764342,-0.5190452006094466,-0.6008702531645557
1.1489361702127656,1.2853998532648572,1.195503961673115,1.2930591259640103,-0.5859714463066423,1.0098933074684764,0.9715774900236175,0.8764404609475035,0.8453608247422674,-0.16962925342813484,0.5740277461905844,0.7278999568779647,0.6298850574712642,0.782786885245902,-0.6845621570031021,1.5086605080831408,1.4151219512195117,0.709165687426557,0.27493540051679605,1.3072492552135058,1.1208556149732622,1.3440571939231458,1.1294189978481395,1.1984240687679075,-1.2303030303030302,2.0864830237027547,1.1862452792685354,1.159284392350401,0.8745556119857809,1.3097310126582267
0.22277847309136428,0.883345561261922,0.34420490141883164,0.2853470437017993,-0.4535485205876279,1.2581959262851592,2.271683361837283,0.6421254801536492,-0.5866916588566071,0.04773996952767874,0.5430975665226289,-0.45278137128072427,0.6325123152709355,0.6816939890710383,0.6735862562634221,1.9370669745958424,2.6863414634146334,0.8454759106933022,-0.43824289405684713,0.6836146971201588,0.2823529411764706,0.2555853440571939,0.5576391023670454,0.34837631327602625,0.43030303030302997,2.3478539397821905,2.2913933611608037,0.8458975940777298,-0.34433722701879194,0.45767405063291083
0.19274092615769697,-0.5928099779897286,0.31840796019900425,0.1767352185089974,1.2638112973308502,1.9604267701260905,0.2252626435377473,0.38604353393085783,0.9315838800374886,1.6546470289487027,-0.6395269501933136,-0.5405347132384646,-0.5878489326765187,-0.47768670309653916,-0.852541159627774,0.45785219399538096,-0.15951219512195128,-0.5763807285546418,-0.1963824289405683,0.04409136047666336,0.1540106951871655,-0.6327077747989283,0.26191208115585557,0.06852913085004729,0.19393939393939444,1.3574631646380526,0.21307891075332933,-0.27119062307217773,0.9172168613509407,0.46479430379746833
-0.2578222778473094,0.8187820983125459,-0.30145568454026167,-0.21722365038560415,-1.001448375750052,-1.4001939864209507,-0.4865217037218015,-0.4718309859154932,0.07685098406747876,-0.6490604367699319,-0.5740277461905847,1.234583872358775,-0.8505747126436779,-0.47677595628415304,-0.3834407062753519,-1.0296766743648962,-0.7731707317073169,-0.5042303172737957,-0.6739018087855293,-0.6653426017874877,-0.3422459893048131,1.5746201966041116,-0.4457423916384884,-0.32640878701050674,-0.9515151515151518,-1.063805253042921,-0.3792486583184259,-0.23466995681677993,-0.07821229050279377,-0.5676424050632907
